{
  "mass_edges": [
    0.0,
    100.0,
    200.0,
    300.0,
    400.0,
    500.0,
    600.0,
    700.0,
    800.0,
    900.0,
    1000.0,
    1100.0,
    1200.0,
    1300.0,
    1400.0,
    1500.0,
    1600.0,
    1700.0,
    1800.0,
    1900.0,
    2000.0,
    2100.0,
    2200.0,
    2300.0,
    2400.0,
    2500.0,
    2600.0,
    2700.0,
    2800.0,
    2900.0,
    3000.0,
    3100.0,
    3200.0,
    3300.0,
    3400.0,
    3500.0,
    3600.0,
    3700.0,
    3800.0,
    3900.0,
    4000.0,
    4100.0,
    4200.0,
    4300.0,
    4400.0,
    4500.0,
    4600.0,
    4700.0,
    4800.0,
    4900.0,
    5000.0
  ],
  "sf_EE": [
    1.1204033838279832,
    1.1693271276845174,
    1.1533826465809938,
    1.118440685689506,
    1.098579818047753,
    1.0381260524837925,
    1.0687795895922645,
    1.06530476114341,
    1.00777498791798,
    1.0751459147671456,
    1.0123926826726202,
    0.9559671098778604,
    1.0595364961353793,
    0.9266338723407173,
    0.8090229328483208,
    1.0594333949942951,
    0.9329432049558039,
    0.8151711016306378,
    1.0465072008920047,
    0.8192864946643615,
    1.1407557734454101,
    0.4606215320121059,
    1.0337478707564174,
    0.5617532967497155,
    1.5246608968959772,
    0.8842339426633264,
    0.3564496985433699,
    0.6974423056682939,
    0.8223332278306698,
    0.34765576722641556,
    2.2915002794749886,
    0.5248903779766823,
    1.3042380847688875,
    1.0,
    1.0,
    2.433525096506286,
    1.0,
    1.0,
    1.0,
    1.0,
    1.0,
    1.0,
    1.0,
    1.0,
    1.0,
    1.0,
    1.0,
    1.0,
    1.0,
    1.0
  ],
  "sf_MM": [
    1.1854757497921675,
    1.1809225248885988,
    1.2042047517874712,
    1.1112169814929491,
    1.1143229098557708,
    1.1035295234186155,
    1.1268131816816929,
    1.0875633046704583,
    1.058129766485953,
    1.0702319220062706,
    1.0152135031857008,
    1.0496625756762887,
    0.930110926226348,
    0.8047457728939639,
    0.9510932986825558,
    0.7822725236646411,
    1.0370972782088426,
    1.0959999134831513,
    0.6348946298552058,
    1.0923912945901249,
    0.771821984875046,
    0.7981100967390967,
    0.5838193832596899,
    0.8407265229387838,
    0.592707079920765,
    0.9357673691171147,
    0.6746745964545905,
    0.8621745013128158,
    1.0,
    0.2148446797429412,
    0.5708101681645348,
    0.6850062131322887,
    1.222279097078168,
    1.0,
    3.1925732469741126,
    1.0,
    0.9985420230559897,
    1.0,
    1.4222617146355772,
    1.0,
    2.3418738320755974,
    1.0,
    1.0,
    3.8301244831043175,
    1.0,
    1.0,
    1.0,
    1.0,
    1.0,
    1.0
  ]
}
