{
  "mass_edges": [
    0,
    100,
    200,
    300,
    400,
    500,
    600,
    700,
    800,
    900,
    1000,
    1100,
    1200,
    1300,
    1400,
    1500,
    1750,
    2000,
    2500,
    3000,
    4000
  ],
  "sf_EE": [
    1.1204033838279832,
    1.1693271276845174,
    1.1533826465809938,
    1.118440685689506,
    1.0985798180477524,
    1.0381260524837912,
    1.068779589592263,
    1.0653047611434099,
    1.0077749879179807,
    1.0751459147671425,
    1.0123926826726253,
    0.9559671098778537,
    1.0595364961353793,
    0.9266338723407032,
    0.8090229328483262,
    0.9412091540039438,
    0.986472377227621,
    0.9162413937264242,
    0.6459275096707403,
    0.9213914605159589
  ],
  "sf_MM": [
    1.1854757497921675,
    1.1809225248885986,
    1.2042047517874717,
    1.1112169814929491,
    1.1143229098557716,
    1.1035295234186155,
    1.1268131816816918,
    1.0875633046704578,
    1.0581297664859557,
    1.0702319220062637,
    1.015213503185702,
    1.0496625756762832,
    0.930110926226342,
    0.8047457728939663,
    0.951093298682566,
    0.9425008091716935,
    0.861005945186745,
    0.7316898543466963,
    0.6259225120195263,
    0.8324067412435716
  ]
}